"name","destination","chain_id","res_partner_id","categ_id"
"ACUARIO","HAVANA","CUBANACAN HOTELES","ACUARIO","Hotel"
"ACUAZUL","VARADERO","ISLAZUL","ACUAZUL","Hotel"
"ALLEGRO CLUB CAYO GUILLERMO","CAYO GUILLERMO","OCCIDENTAL HOTELS & RESORTS","ALLEGRO CLUB CAYO GUILLERMO","Hotel"
"ALLEGRO VARADERO","VARADERO","OCCIDENTAL HOTELS & RESORTS","ALLEGRO VARADERO","Hotel"
"AMBOS MUNDOS","OLD HAVANA","HABAGUANEX S.A.","AMBOS MUNDOS","Hotel"
"AMERICA","SANTA CLARA CITY","CUBANACAN HOTELES","AMERICA","Hotel"
"APARTHOTEL ATLANTICO","EASTERN BEACHES","ISLAZUL","APARTHOTEL ATLANTICO","Hotel"
"APARTHOTEL COSTAZUL","EASTERN BEACHES","ISLAZUL","APARTHOTEL COSTAZUL","Hotel"
"APARTHOTEL LAS TERRAZAS","EASTERN BEACHES","ISLAZUL","APARTHOTEL LAS TERRAZAS","Hotel"
"ARENAL","EASTERN BEACHES","","ARENAL","Hotel"
"ARMADORES DE SANTANDER","OLD HAVANA","HABAGUANEX S.A.","ARMADORES DE SANTANDER","Hotel"
"ATLANTICO","EASTERN BEACHES","GRAN CARIBE","ATLANTICO","Hotel"
"BALCON DE LA SIERRA","GRANMA","ISLAZUL","BALCON DE LA SIERRA","Hotel"
"BALCON DEL CARIBE","SANTIAGO DE CUBA","ISLAZUL","BALCON DEL CARIBE","Hotel"
"BARCELO ARENAS BLANCAS","VARADERO","BARCELO HOTELS & RESORTS","BARCELO ARENAS BLANCAS","Hotel"
"BARCELO SOLYMAR","VARADERO","BARCELO HOTELS & RESORTS","BARCELO SOLYMAR","Hotel"
"BARCELONA","REMEDIOS","CUBANACAN HOTELES","BARCELONA","Hotel"
"BATEY DON PEDRO","CIENAGA DE ZAPATA","CUBANACAN HOTELES","BATEY DON PEDRO","Hotel"
"BELLA HABANA AEROPUERTO","HAVANA","ISLAZUL","BELLA HABANA AEROPUERTO","Hotel"
"BELLO CARIBE","HAVANA","SERVIMED","BELLO CARIBE","Hotel"
"BELTRAN DE SANTA CRUZ","OLD HAVANA","HABAGUANEX S.A.","BELTRAN DE SANTA CRUZ","Hotel"
"BLAU COSTA VERDE","PLAYA PESQUERO","BLAU HOTELS & RESORTS","BLAU COSTA VERDE","Hotel"
"BLAU COSTA VERDE PLUS","PLAYA PESQUERO","BLAU HOTELS & RESORTS","BLAU COSTA VERDE PLUS","Hotel"
"BLAU MARINA VARADERO","VARADERO","BLAU HOTELS & RESORTS","BLAU MARINA VARADERO","Hotel"
"BLAU PRIVILEGE CAYO LIBERTAD","VARADERO","BLAU HOTELS & RESORTS","BLAU PRIVILEGE CAYO LIBERTAD","Hotel"
"BLAU VARADERO","VARADERO","BLAU HOTELS & RESORTS","BLAU VARADERO","Hotel"
"BLUEBAY CAYO COCO","CAYO COCO","HOTETUR","BLUEBAY CAYO COCO","Hotel"
"BREEZES BELLA COSTA","VARADERO","SUPERCLUBS","BREEZES BELLA COSTA","Hotel"
"BREEZES JIBACOA","JIBACOA","SUPERCLUBS","BREEZES JIBACOA","Hotel"
"BREEZES VARADERO","VARADERO","SUPERCLUBS","BREEZES VARADERO","Hotel"
"BRISAS COVARRUBIAS","COVARRUBIAS","CUBANACAN HOTELES","BRISAS COVARRUBIAS","Hotel"
"BRISAS DEL CARIBE","VARADERO","CUBANACAN HOTELES","BRISAS DEL CARIBE","Hotel"
"BRISAS GUARDALAVACA","GUARDALAVACA","CUBANACAN HOTELES","BRISAS GUARDALAVACA","Hotel"
"BRISAS SANTA LUCIA","SANTA LUCIA","CUBANACAN HOTELES","BRISAS SANTA LUCIA","Hotel"
"BRISAS SIERRA MAR - LOS GALEONES","PLAYA CHIVIRICO","CUBANACAN HOTELES","BRISAS SIERRA MAR - LOS GALEONES","Hotel"
"BRISAS TRINIDAD DEL MAR","TRINIDAD","CUBANACAN HOTELES","BRISAS TRINIDAD DEL MAR","Hotel"
"BRUZON","HAVANA","ISLAZUL","BRUZON","Hotel"
"CADILLAC","LAS TUNAS CITY","ISLAZUL","CADILLAC","Hotel"
"CAIMANERA","CAIMANERA","ISLAZUL","CAIMANERA","Hotel"
"CAMAGUEY","CAMAGUEY CITY","ISLAZUL","CAMAGUEY","Hotel"
"CAMINO DE HIERRO","CAMAGUEY CITY","CUBANACAN HOTELES","CAMINO DE HIERRO","Hotel"
"CANIMAO","MATANZAS CITY","ISLAZUL","CANIMAO","Hotel"
"CAPRI","VEDADO","NH HOTELS","CAPRI","Hotel"
"CARIBBEAN","OLD HAVANA","ISLAZUL","CARIBBEAN","Hotel"
"CASA GRANDA","SANTIAGO DE CUBA CITY","CUBANACAN HOTELES","CASA GRANDA","Hotel"
"CASA VERDE","CIENFUEGOS","GRAN CARIBE","CASA VERDE","Hotel"
"CAYO LEVISA","CAYO LEVISA","CUBANACAN HOTELES","CAYO LEVISA","Hotel"
"CHATEAU MIRAMAR","MIRAMAR","CUBANACAN HOTELES","CHATEAU MIRAMAR","Hotel"
"CIB EL COLONY","ISLA DE LA JUVENTUD","GRAN CARIBE","CIB EL COLONY","Hotel"
"CIEGO DE AVILA","CIEGO DE AVILA CITY","ISLAZUL","CIEGO DE AVILA","Hotel"
"CLUB AMIGO AGUAS AZULES","VARADERO","CUBANACAN HOTELES","CLUB AMIGO AGUAS AZULES","Hotel"
"CLUB AMIGO ANCON","TRINIDAD","CUBANACAN HOTELES","CLUB AMIGO ANCON","Hotel"
"CLUB AMIGO ATLANTICO-GUARDALAVACA","GUARDALAVACA","CUBANACAN HOTELES","CLUB AMIGO ATLANTICO-GUARDALAVACA","Hotel"
"CLUB AMIGO CARACOL","SANTA LUCIA","CUBANACAN HOTELES","CLUB AMIGO CARACOL","Hotel"
"CLUB AMIGO CARISOL-LOS CORALES","PARQUE BACONAO","CUBANACAN HOTELES","CLUB AMIGO CARISOL-LOS CORALES","Hotel"
"CLUB AMIGO COSTA SUR","TRINIDAD","CUBANACAN HOTELES","CLUB AMIGO COSTA SUR","Hotel"
"CLUB AMIGO MAREA DEL PORTILLO","MAREA DEL PORTILLO","CUBANACAN HOTELES","CLUB AMIGO MAREA DEL PORTILLO","Hotel"
"CLUB AMIGO MAYANABO","SANTA LUCIA","CUBANACAN HOTELES","CLUB AMIGO MAYANABO","Hotel"
"CLUB KAREY","VARADERO","ISLAZUL","CLUB KAREY","Hotel"
"CLUB TROPICAL","VARADERO","ISLAZUL","CLUB TROPICAL","Hotel"
"COLINA","VEDADO","ISLAZUL","COLINA","Hotel"
"COLON","CAMAGUEY CITY","ISLAZUL","COLON","Hotel"
"COLONIAL CAYO COCO","CAYO COCO","CUBANACAN HOTELES","COLONIAL CAYO COCO","Hotel"
"COMENDADOR","OLD HAVANA","HABAGUANEX S.A.","COMENDADOR","Hotel"
"HOTEL COMODORO","MIRAMAR","CUBANACAN HOTELES","HOTEL COMODORO","Hotel"
"CONDE DE VILLANUEVA","OLD HAVANA","HABAGUANEX S.A.","CONDE DE VILLANUEVA","Hotel"
"COPACABANA","MIRAMAR","CUBANACAN HOTELES","COPACABANA","Hotel"
"COSTA MORENA","SANTIAGO DE CUBA","ISLAZUL","COSTA MORENA","Hotel"
"DEAUVILLE","OLD HAVANA","GRAN CARIBE","DEAUVILLE","Hotel"
"DON LINO","GUARDALAVACA","ISLAZUL","DON LINO","Hotel"
"DOS MARES","VARADERO","ISLAZUL","DOS MARES","Hotel"
"EL BOSQUE","MIRAMAR","GAVIOTA HOTELES","EL BOSQUE","Hotel"
"VILLA EL BOSQUE","HOLGUIN CITY","ISLAZUL","VILLA EL BOSQUE","Hotel"
"EL CASTILLO","BARACOA","GAVIOTA HOTELES","EL CASTILLO","Hotel"
"ELGUEA","CORRALILLO","ISLAZUL","ELGUEA","Hotel"
"EUROSTARS CAYO SANTA MARIA","CAYO SANTA MARIA","HOTUSA HOTELS","EUROSTARS CAYO SANTA MARIA","Hotel"
"FARO LUNA","CIENFUEGOS","GRAN CARIBE","FARO LUNA","Hotel"
"FINCA MA. DOLORES","TRINIDAD","CUBANACAN HOTELES","FINCA MA. DOLORES","Hotel"
"FLORIDA","OLD HAVANA","HABAGUANEX S.A.","FLORIDA","Hotel"
"FLORIDA CAMAGUEY","FLORIDA TOWN","ISLAZUL","FLORIDA CAMAGUEY","Hotel"
"GRAN CLUB SANTA LUCIA","SANTA LUCIA","CUBANACAN HOTELES","GRAN CLUB SANTA LUCIA","Hotel"
"GRAN HOTEL","CAMAGUEY CITY","ISLAZUL","GRAN HOTEL","Hotel"
"GUACANAYABO","MANZANILLO","ISLAZUL","GUACANAYABO","Hotel"
"GUANTANAMO","GUANTANAMO CITY","ISLAZUL","GUANTANAMO","Hotel"
"H10 HABANA PANORAMA","MIRAMAR","H10 HOTELS","H10 HABANA PANORAMA","Hotel"
"HABANA 612","","","HABANA 612","Hotel"
"HABANA RIVIERA","VEDADO","GRAN CARIBE","HABANA RIVIERA","Hotel"
"HACIENDA EL CANEY","SANTIAGO DE CUBA","GAVIOTA HOTELES","HACIENDA EL CANEY","Hotel"
"HANABANILLA","HANABANILLA","ISLAZUL","HANABANILLA","Hotel"
"HERRADURA","VARADERO","ISLAZUL","HERRADURA","Hotel"
"HOSTAL 1511","BARACOA","GAVIOTA HOTELES","HOSTAL 1511","Hotel"
"HOSTAL DEL RIJO","SANCTI SPIRITUS CITY","ISLAZUL","HOSTAL DEL RIJO","Hotel"
"HOSTAL VALENCIA","OLD HAVANA","HABAGUANEX S.A.","HOSTAL VALENCIA","Hotel"
"HOTEL NACIONAL DE CUBA","VEDADO","GRAN CARIBE","HOTEL NACIONAL DE CUBA","Hotel"
"HUSA CAYO SANTA MARIA","CAYO SANTA MARIA","HUSA HOTELES","HUSA CAYO SANTA MARIA","Hotel"
"IBEROSTAR CAYO COCO","CAYO COCO","IBEROSTAR HOTELS & RESORTS","IBEROSTAR CAYO COCO","Hotel"
"IBEROSTAR DAIQUIRI","CAYO GUILLERMO","IBEROSTAR HOTELS & RESORTS","IBEROSTAR DAIQUIRI","Hotel"
"IBEROSTAR ENSENACHOS","CAYO ENSENACHOS","IBEROSTAR HOTELS & RESORTS","IBEROSTAR ENSENACHOS","Hotel"
"IBEROSTAR TRINIDAD","TRINIDAD","IBEROSTAR HOTELS & RESORTS","IBEROSTAR TRINIDAD","Hotel"
"IBEROSTAR LAGUNA AZUL","VARADERO","IBEROSTAR HOTELS & RESORTS","IBEROSTAR LAGUNA AZUL","Hotel"
"IBEROSTAR MOJITO","CAYO COCO","IBEROSTAR HOTELS & RESORTS","IBEROSTAR MOJITO","Hotel"
"IBEROSTAR PARQUE CENTRAL","OLD HAVANA","IBEROSTAR HOTELS & RESORTS","IBEROSTAR PARQUE CENTRAL","Hotel"
"IBEROSTAR PLAYA ALAMEDA","VARADERO","IBEROSTAR HOTELS & RESORTS","IBEROSTAR PLAYA ALAMEDA","Hotel"
"IBEROSTAR TAINOS","VARADERO","IBEROSTAR HOTELS & RESORTS","IBEROSTAR TAINOS","Hotel"
"IBEROSTAR VARADERO","VARADERO","IBEROSTAR HOTELS & RESORTS","IBEROSTAR VARADERO","Hotel"
"INGLATERRA","OLD HAVANA","GRAN CARIBE","INGLATERRA","Hotel"
"INTERNACIONAL VARADERO","VARADERO","GRAN CARIBE","INTERNACIONAL VARADERO","Hotel"
"ISLA DE CUBA","CAMAGUEY CITY","ISLAZUL","ISLA DE CUBA","Hotel"
"ISLA DEL SUR","CAYO LARGO","GRAN CARIBE","ISLA DEL SUR","Hotel"
"JAGUA","CIENFUEGOS","GRAN CARIBE","JAGUA","Hotel"
"KAWAMA HOTEL & VILLAS","VARADERO","GRAN CARIBE","KAWAMA HOTEL & VILLAS","Hotel"
"KOHLY","MIRAMAR","GAVIOTA HOTELES","KOHLY","Hotel"
"KURTHOTEL ESCAMBRAY","TOPES DE COLLANTES","GAVIOTA HOTELES","KURTHOTEL ESCAMBRAY","Hotel"
"LA BELEN","","","LA BELEN","Hotel"
"LA ERMITA","VINALES","CUBANACAN HOTELES","LA ERMITA","Hotel"
"LA GRAN PIEDRA","SANTIAGO DE CUBA","ISLAZUL","LA GRAN PIEDRA","Hotel"
"LA GUABINA","","","LA GUABINA","Hotel"
"LA HABANERA","BARACOA","GAVIOTA HOTELES","LA HABANERA","Hotel"
"LA LUPE","GUANTANAMO","ISLAZUL","LA LUPE","Hotel"
"LA PRADERA (INTERNATIONAL HEALTH CENTRE)","HAVANA","SERVIMED","LA PRADERA (INTERNATIONAL HEALTH CENTRE)","Hotel"
"LA RONDA","TRINIDAD","CUBANACAN HOTELES","LA RONDA","Hotel"
"LA RUSA","BARACOA","GAVIOTA HOTELES","LA RUSA","Hotel"
"LA TORTUGA","JARDINES DE LA REINA","AVALON","LA TORTUGA","Hotel"
"LA UNION","CIENFUEGOS","GRAN CARIBE","LA UNION","Hotel"
"LAS AMERICAS","SANTIAGO DE CUBA CITY","ISLAZUL","LAS AMERICAS","Hotel"
"LAS CUEVAS","TRINIDAD","CUBANACAN HOTELES","LAS CUEVAS","Hotel"
"BE LIVE LAS MORLAS","VARADERO","BE LIVE","BE LIVE LAS MORLAS","Hotel"
"LAS TUNAS","LAS TUNAS CITY","ISLAZUL","LAS TUNAS","Hotel"
"LAS YAGRUMAS","HAVANA","ISLAZUL","LAS YAGRUMAS","Hotel"
"LIBERTAD","SANTIAGO DE CUBA CITY","ISLAZUL","LIBERTAD","Hotel"
"LIDO","OLD HAVANA","ISLAZUL","LIDO","Hotel"
"LINCOLN","OLD HAVANA","ISLAZUL","LINCOLN","Hotel"
"LOS CANEYES","SANTA CLARA CITY","CUBANACAN HOTELES","LOS CANEYES","Hotel"
"LOS DELFINES","VARADERO","ISLAZUL","LOS DELFINES","Hotel"
"LOS FRAILES","OLD HAVANA","HABAGUANEX S.A.","LOS FRAILES","Hotel"
"LOS HELECHOS","TOPES DE COLLANTES","GAVIOTA HOTELES","LOS HELECHOS","Hotel"
"LOS JAZMINES","VINALES","CUBANACAN HOTELES","LOS JAZMINES","Hotel"
"LOS LAURELES","SANCTI SPIRITUS CITY","ISLAZUL","LOS LAURELES","Hotel"
"MAR DEL SUR","VARADERO","ISLAZUL","MAR DEL SUR","Hotel"
"MARIA LA GORDA (CIB)","GUANAHACABIBES","GAVIOTA HOTELES","MARIA LA GORDA (CIB)","Hotel"
"MARINA CAYO LARGO","CAYO LARGO","","MARINA CAYO LARGO","Hotel"
"MARIPOSA","HAVANA","CUBANACAN HOTELES","MARIPOSA","Hotel"
"MARQUES DE PRADO AMENO","OLD HAVANA","HABAGUANEX S.A.","MARQUES DE PRADO AMENO","Hotel"
"MARTI","GUANTANAMO","ISLAZUL","MARTI","Hotel"
"MASCOTTE","REMEDIOS","CUBANACAN HOTELES","MASCOTTE","Hotel"
"MELIA BUENAVISTA","CAYO SANTA MARIA","MELIA HOTELS INT.","MELIA BUENAVISTA","Hotel"
"MELIA CAYO COCO","CAYO COCO","MELIA HOTELS INT.","MELIA CAYO COCO","Hotel"
"MELIA CAYO GUILLERMO","CAYO GUILLERMO","MELIA HOTELS INT.","MELIA CAYO GUILLERMO","Hotel"
"MELIA CAYO SANTA MARIA","CAYO SANTA MARIA","MELIA HOTELS INT.","MELIA CAYO SANTA MARIA","Hotel"
"MELIA COHIBA","VEDADO","MELIA HOTELS INT.","MELIA COHIBA","Hotel"
"MELIA HABANA","MIRAMAR","MELIA HOTELS INT.","MELIA HABANA","Hotel"
"MELIA LAS AMERICAS","VARADERO","MELIA HOTELS INT.","MELIA LAS AMERICAS","Hotel"
"MELIA LAS ANTILLAS","VARADERO","MELIA HOTELS INT.","MELIA LAS ANTILLAS","Hotel"
"MELIA LAS DUNAS","CAYO SANTA MARIA","MELIA HOTELS INT.","MELIA LAS DUNAS","Hotel"
"MELIA MARINA VARADERO","VARADERO","MELIA HOTELS INT.","MELIA MARINA VARADERO","Hotel"
"MELIA PENINSULA VARADERO","VARADERO","MELIA HOTELS INT.","MELIA PENINSULA VARADERO","Hotel"
"MELIA SANTIAGO DE CUBA","SANTIAGO DE CUBA CITY","MELIA HOTELS INT.","MELIA SANTIAGO DE CUBA","Hotel"
"MELIA VARADERO","VARADERO","MELIA HOTELS INT.","MELIA VARADERO","Hotel"
"MEMORIES AZUL","CAYO SANTA MARIA","BLUE DIAMOND HOTELS & RESORTS","MEMORIES AZUL","Hotel"
"MEMORIES CARIBE","CAYO COCO","BLUE DIAMOND HOTELS & RESORTS","MEMORIES CARIBE","Hotel"
"MEMORIES FLAMENCO","CAYO COCO","BLUE DIAMOND HOTELS & RESORTS","MEMORIES FLAMENCO","Hotel"
"MEMORIES PARAISO","CAYO SANTA MARIA","BLUE DIAMOND HOTELS & RESORTS","MEMORIES PARAISO","Hotel"
"MEMORIES VARADERO","VARADERO","BLUE DIAMOND HOTELS & RESORTS","MEMORIES VARADERO","Hotel"
"MERCURE CUATRO PALMAS","VARADERO","ACCOR","MERCURE CUATRO PALMAS","Hotel"
"MERCURE PLAYA DE ORO","VARADERO","ACCOR","MERCURE PLAYA DE ORO","Hotel"
"MERCURE SEVILLA","OLD HAVANA","ACCOR","MERCURE SEVILLA","Hotel"
"MESON DE LA FLOTA","OLD HAVANA","HABAGUANEX S.A.","MESON DE LA FLOTA","Hotel"
"MESON DEL REGIDOR","TRINIDAD","CUBANACAN HOTELES","MESON DEL REGIDOR","Hotel"
"MIRADOR DE MAYABE","HOLGUIN CITY","ISLAZUL","MIRADOR DE MAYABE","Hotel"
"MIRADOR DE SAN DIEGO","SAN DIEGO","ISLAZUL","MIRADOR DE SAN DIEGO","Hotel"
"MOKA","LAS TERRAZAS","LAS TERRAZAS","MOKA","Hotel"
"MORON","CITY OF MORON","ISLAZUL","MORON","Hotel"
"NEPTUNO-TRITON","MIRAMAR","GRAN CARIBE","NEPTUNO-TRITON","Hotel"
"NIQUERO","GRANMA","ISLAZUL","NIQUERO","Hotel"
"OASIS","VARADERO","ISLAZUL","OASIS","Hotel"
"OCCIDENTAL MIRAMAR","MIRAMAR","OCCIDENTAL HOTELS & RESORTS","OCCIDENTAL MIRAMAR","Hotel"
"OCCIDENTAL MONTEHABANA","MIRAMAR","OCCIDENTAL HOTELS & RESORTS","OCCIDENTAL MONTEHABANA","Hotel"
"OCEAN VARADERO EL PATRIARCA","VARADERO","H10 HOTELS","OCEAN VARADERO EL PATRIARCA","Hotel"
"ORDO","GIBARA","CUBANACAN HOTELES","ORDO","Hotel"
"PALACIO AZUL","CIENFUEGOS","GRAN CARIBE","PALACIO AZUL","Hotel"
"PALACIO MARQUES DE SAN FELIPE","OLD HAVANA","HABAGUANEX S.A.","PALACIO MARQUES DE SAN FELIPE","Hotel"
"PALACIO OFARRIL","OLD HAVANA","HABAGUANEX S.A.","PALACIO OFARRIL","Hotel"
"PALACIO SAN MIGUEL","OLD HAVANA","HABAGUANEX S.A.","PALACIO SAN MIGUEL","Hotel"
"PALCO","","","PALCO","Hotel"
"PALMA REAL","VARADERO","BELLEVUE","PALMA REAL","Hotel"
"PANAMERICANO","HAVANA","ISLAZUL","PANAMERICANO","Hotel"
"PARADISUS PRINCESA DEL MAR","VARADERO","MELIA HOTELS INT.","PARADISUS PRINCESA DEL MAR","Hotel"
"PARADISUS RIO DE ORO","GUARDALAVACA","MELIA HOTELS INT.","PARADISUS RIO DE ORO","Hotel"
"PARADISUS VARADERO","VARADERO","MELIA HOTELS INT.","PARADISUS VARADERO","Hotel"
"PARK VIEW","OLD HAVANA","HABAGUANEX S.A.","PARK VIEW","Hotel"
"PASACABALLO","CIENFUEGOS","ISLAZUL","PASACABALLO","Hotel"
"PASEO HABANA","VEDADO","ISLAZUL","PASEO HABANA","Hotel"
"PERLA DEL MAR","CIENFUEGOS","GRAN CARIBE","PERLA DEL MAR","Hotel"
"PERNIK","HOLGUIN CITY","ISLAZUL","PERNIK","Hotel"
"PESTANA CAYO COCO","CAYO COCO","PESTANA HOTELS & RESORTS","PESTANA CAYO COCO","Hotel"
"PINAR DEL RIO","PINAR DEL RIO CITY","ISLAZUL","PINAR DEL RIO","Hotel"
"PLAYA BLANCA","CAYO LARGO","GRAN CARIBE","PLAYA BLANCA","Hotel"
"PLAYA CALETA","VARADERO","BELLEVUE","PLAYA CALETA","Hotel"
"PLAYA CAYO SANTA MARIA","CAYO SANTA MARIA","GAVIOTA HOTELES","PLAYA CAYO SANTA MARIA","Hotel"
"PLAYA COCO","CAYO COCO","GAVIOTA HOTELES","PLAYA COCO","Hotel"
"PLAYA COSTA VERDE","PLAYA PESQUERO","GAVIOTA HOTELES","PLAYA COSTA VERDE","Hotel"
"PLAYA GIRON","CIENAGA DE ZAPATA","CUBANACAN HOTELES","PLAYA GIRON","Hotel"
"PLAYA LARGA","CIENAGA DE ZAPATA","CUBANACAN HOTELES","PLAYA LARGA","Hotel"
"PLAYA PESQUERO","PLAYA PESQUERO","GAVIOTA HOTELES","PLAYA PESQUERO","Hotel"
"PLAZA","OLD HAVANA","GRAN CARIBE","PLAZA","Hotel"
"HOSTAL PLAZA","SANCTI SPIRITUS CITY","ISLAZUL","HOSTAL PLAZA","Hotel"
"PLAZA CAMAGUEY","CAMAGUEY CITY","ISLAZUL","PLAZA CAMAGUEY","Hotel"
"PLAZA BARACOA","BARACOA","GAVIOTA HOTELES","PLAZA BARACOA","Hotel"
"PORTO SANTO","BARACOA","GAVIOTA HOTELES","PORTO SANTO","Hotel"
"PUERTO PRINCIPE","CAMAGUEY CITY","ISLAZUL","PUERTO PRINCIPE","Hotel"
"PULLMAN","VARADERO","ISLAZUL","PULLMAN","Hotel"
"PUNTA BLANCA","VARADERO","ISLAZUL","PUNTA BLANCA","Hotel"
"PUNTA LA CUEVA","CIENFUEGOS","ISLAZUL","PUNTA LA CUEVA","Hotel"
"PUNTARENA","VARADERO","BELLEVUE","PUNTARENA","Hotel"
"QUINTA AVENIDA HABANA","MIRAMAR","GAVIOTA HOTELES","QUINTA AVENIDA HABANA","Hotel"
"RANCHO CLUB","SANTIAGO DE CUBA","ISLAZUL","RANCHO CLUB","Hotel"
"RANCHO EL TESORO","ISLA DE LA JUVENTUD","","RANCHO EL TESORO","Hotel"
"RANCHO HATUEY","SANCTI SPIRITUS CITY","ISLAZUL","RANCHO HATUEY","Hotel"
"RANCHO LUNA","CIENFUEGOS","GRAN CARIBE","RANCHO LUNA","Hotel"
"RANCHO SAN VICENTE","VINALES","CUBANACAN HOTELES","RANCHO SAN VICENTE","Hotel"
"RAQUEL","OLD HAVANA","HABAGUANEX S.A.","RAQUEL","Hotel"
"RIO MIEL","BARACOA","GAVIOTA HOTELES","RIO MIEL","Hotel"
"RIU PLAYA TURQUESA","GUARDALAVACA","RIU HOTELS & RESORTS","RIU PLAYA TURQUESA","Hotel"
"RIU VARADERO","VARADERO","RIU HOTELS & RESORTS","RIU VARADERO","Hotel"
"ROC ARENAS DORADAS","VARADERO","ROC HOTELS","ROC ARENAS DORADAS","Hotel"
"ROC BARLOVENTO","VARADERO","ROC HOTELS","ROC BARLOVENTO","Hotel"
"ROC PRESIDENTE","VEDADO","ROC HOTELS","ROC PRESIDENTE","Hotel"
"ROYAL HICACOS","VARADERO","BLUE DIAMOND HOTELS & RESORTS","ROYAL HICACOS","Hotel"
"ROYALTON","BAYAMO CITY","ISLAZUL","ROYALTON","Hotel"
"ROYALTON CAYO SANTA MARIA","CAYO SANTA MARIA","BLUE DIAMOND HOTELS & RESORTS","ROYALTON CAYO SANTA MARIA","Hotel"
"SAINT JOHN'S","VEDADO","GRAN CARIBE","SAINT JOHN'S","Hotel"
"SAN ALEJANDRO","HAVANA","ISLAZUL","SAN ALEJANDRO","Hotel"
"SAN BASILIO","SANTIAGO DE CUBA CITY","CUBANACAN HOTELES","SAN BASILIO","Hotel"
"SAN JUAN","SANTIAGO DE CUBA CITY","ISLAZUL","SAN JUAN","Hotel"
"SANTA CLARA LIBRE","SANTA CLARA CITY","ISLAZUL","SANTA CLARA LIBRE","Hotel"
"SANTA ISABEL","OLD HAVANA","HABAGUANEX S.A.","SANTA ISABEL","Hotel"
"SANTIAGO HABANA","CIEGO DE AVILA CITY","ISLAZUL","SANTIAGO HABANA","Hotel"
"SARATOGA","OLD HAVANA","HABAGUANEX S.A.","SARATOGA","Hotel"
"SIERRA MAESTRA","BAYAMO CITY","ISLAZUL","SIERRA MAESTRA","Hotel"
"SOL CAYO COCO","CAYO COCO","MELIA HOTELS INT.","SOL CAYO COCO","Hotel"
"SOL CAYO GUILLERMO","CAYO GUILLERMO","MELIA HOTELS INT.","SOL CAYO GUILLERMO","Hotel"
"SOL CAYO LARGO","CAYO LARGO","MELIA HOTELS INT.","SOL CAYO LARGO","Hotel"
"SOL CAYO SANTA MARIA","CAYO SANTA MARIA","MELIA HOTELS INT.","SOL CAYO SANTA MARIA","Hotel"
"SOL PALMERAS","VARADERO","MELIA HOTELS INT.","SOL PALMERAS","Hotel"
"SOL PELICANO","CAYO LARGO","MELIA HOTELS INT.","SOL PELICANO","Hotel"
"SOL RIO DE LUNA Y MARES","GUARDALAVACA","MELIA HOTELS INT.","SOL RIO DE LUNA Y MARES","Hotel"
"SOL SIRENAS - CORAL","VARADERO","MELIA HOTELS INT.","SOL SIRENAS - CORAL","Hotel"
"SOTAVENTO","VARADERO","ISLAZUL","SOTAVENTO","Hotel"
"SUNBEACH","VARADERO","GRAN CARIBE","SUNBEACH","Hotel"
"TARARACO","CAMAGUEY","ISLAZUL","TARARACO","Hotel"
"TEJADILLO","OLD HAVANA","HABAGUANEX S.A.","TEJADILLO","Hotel"
"TELEGRAFO","OLD HAVANA","HABAGUANEX S.A.","TELEGRAFO","Hotel"
"TERRAL","OLD HAVANA","HABAGUANEX S.A.","TERRAL","Hotel"
"TROPICOCO","EASTERN BEACHES","CUBANACAN HOTELES","TROPICOCO","Hotel"
"TRYP CAYO COCO","CAYO COCO","MELIA HOTELS INT.","TRYP CAYO COCO","Hotel"
"TRYP HABANA LIBRE","VEDADO","MELIA HOTELS INT.","TRYP HABANA LIBRE","Hotel"
"TULIPAN","HAVANA","ISLAZUL","TULIPAN","Hotel"
"BE LIVE TURQUESA","VARADERO","BE LIVE","BE LIVE TURQUESA","Hotel"
"TUXPAN","VARADERO","CUBANACAN HOTELES","TUXPAN","Hotel"
"VARAZUL","VARADERO","ISLAZUL","VARAZUL","Hotel"
"VEDADO","VEDADO","GRAN CARIBE","VEDADO","Hotel"
"VELASCO","MATANZAS CITY","CUBANACAN HOTELES","VELASCO","Hotel"
"VERSALLES","SANTIAGO DE CUBA CITY","CUBANACAN HOTELES","VERSALLES","Hotel"
"VICTORIA","VEDADO","GRAN CARIBE","VICTORIA","Hotel"
"VILLA AGUAS CLARAS","PINAR DEL RIO CITY","CUBAMAR","VILLA AGUAS CLARAS","Hotel"
"VILLA BACURANAO","EASTERN BEACHES","ISLAZUL","VILLA BACURANAO","Hotel"
"VILLA BAYAMO","BAYAMO CITY","ISLAZUL","VILLA BAYAMO","Hotel"
"VILLA CABURNI","TOPES DE COLLANTES","GAVIOTA HOTELES","VILLA CABURNI","Hotel"
"VILLA CAYO SAETIA","CAYO SAETIA","GAVIOTA HOTELES","VILLA CAYO SAETIA","Hotel"
"VILLA COJIMAR","","","VILLA COJIMAR","Hotel"
"VILLA CORAL","CAYO LARGO","GRAN CARIBE","VILLA CORAL","Hotel"
"VILLA CUBA","VARADERO","GRAN CARIBE","VILLA CUBA","Hotel"
"VILLA EL SALTON","SIERRA MAESTRA","CUBANACAN HOTELES","VILLA EL SALTON","Hotel"
"VILLA EL YAREY","GRANMA","SERVIMED","VILLA EL YAREY","Hotel"
"VILLA GAVIOTA CABO SAN ANTONIO","GUANAHACABIBES","GAVIOTA HOTELES","VILLA GAVIOTA CABO SAN ANTONIO","Hotel"
"VILLA GAVIOTA CAYO COCO","CAYO COCO","GAVIOTA HOTELES","VILLA GAVIOTA CAYO COCO","Hotel"
"VILLA GAVIOTA SANTIAGO DE CUBA","SANTIAGO DE CUBA CITY","GAVIOTA HOTELES","VILLA GAVIOTA SANTIAGO DE CUBA","Hotel"
"VILLA GUAJIMICO","CIENFUEGOS","CUBAMAR","VILLA GUAJIMICO","Hotel"
"VILLA GUAMA","CIENAGA DE ZAPATA","CUBANACAN HOTELES","VILLA GUAMA","Hotel"
"VILLA ISLA DE LA JUVENTUD","ISLA DE LA JUVENTUD","","VILLA ISLA DE LA JUVENTUD","Hotel"
"VILLA LA GRANJITA","SANTA CLARA CITY","CUBANACAN HOTELES","VILLA LA GRANJITA","Hotel"
"VILLA LA MAR","VARADERO","ISLAZUL","VILLA LA MAR","Hotel"
"VILLA LAGUNA GRANDE","GUANAHACABIBES","","VILLA LAGUNA GRANDE","Hotel"
"VILLA LAS BRUJAS","CAYO LAS BRUJAS","GAVIOTA HOTELES","VILLA LAS BRUJAS","Hotel"
"VILLA LINDAMAR","CAYO LARGO","GRAN CARIBE","VILLA LINDAMAR","Hotel"
"VILLA LOS PINOS","EASTERN BEACHES","GRAN CARIBE","VILLA LOS PINOS","Hotel"
"VILLA MAGUANA","BARACOA","GAVIOTA HOTELES","VILLA MAGUANA","Hotel"
"VILLA MARINERA","CAYO LARGO","GRAN CARIBE","VILLA MARINERA","Hotel"
"VILLA MEGANO","EASTERN BEACHES","MINFAR","VILLA MEGANO","Hotel"
"VILLA PINARES DE MAYARI","PINARES DE MAYARI","GAVIOTA HOTELES","VILLA PINARES DE MAYARI","Hotel"
"VILLA SAN JOSE DEL LAGO","YAGUAJAY","ISLAZUL","VILLA SAN JOSE DEL LAGO","Hotel"
"VILLA SANTO DOMINGO","GRANMA","ISLAZUL","VILLA SANTO DOMINGO","Hotel"
"VILLA SOLEDAD","CAYO LARGO","GRAN CARIBE","VILLA SOLEDAD","Hotel"
"VILLA SOROA","SOROA","CUBANACAN HOTELES","VILLA SOROA","Hotel"
"VILLA TROPICO","JIBACOA","GRAN CARIBE","VILLA TROPICO","Hotel"
"VILLA YAGUANABO","CIENFUEGOS","ISLAZUL","VILLA YAGUANABO","Hotel"
"VILLAS MIRADOR DEL MAR","EASTERN BEACHES","ISLAZUL","VILLAS MIRADOR DEL MAR","Hotel"
"VILLAS TARARA","EASTERN BEACHES","CIMEX","VILLAS TARARA","Hotel"
"VILLA TORTUGA","VARADERO","GRAN CARIBE","VILLA TORTUGA","Hotel"
"VUELTABAJO","PINAR DEL RIO CITY","ISLAZUL","VUELTABAJO","Hotel"
"XANADU MANSION","VARADERO","VARADERO GOLF COURSE","XANADU MANSION","Hotel"
"ZAZA","SANCTI SPIRITUS CITY","ISLAZUL","ZAZA","Hotel"
